-- Grundbestand um 5 Kreditinstitute erweitert
INSERT INTO ED_KREDITINSTITUT (BIC, Bankname, KIA_Art) VALUES
    ('ABDCDEXXXXX', 'Jade Volksbank', 'G'),
    ('BCDEFGXXXXX', 'Wilhelmshavener Volksbank', 'G'),
    ('CDEFGHXXXXX', 'Sparkasse Münden', 'O'),
    ('DEFGHIXXXXX', 'Deutsche Privatbank', 'P'),
    ('EFGHIJXXXXX', 'Supersparbank', 'O')

-- Grundbestand um 10 Konten erweitert
INSERT INTO ED_KONTO (IBAN, BIC,Kontoart, Kontoinhaber, Kontostand, Sollzins, Habenszins) VALUES
    ('DE22 1010 0100 0101 0101 01', 'ABDCDEXXXXX', 'GK', 'K0001', 10000, 0.1, 0.2322),
    ('DE22 1010 0100 0101 0101 02', 'ABDCDEXXXXX', 'GK', 'K0002', 54356, 0.3, 0.1242),
    ('DE22 1010 0100 0101 0101 03', 'BCDEFGXXXXX', 'GK', 'K0003', 6700, 0.5, 0.52),
    ('DE22 1010 0100 0101 0101 04', 'BCDEFGXXXXX', 'SK', 'K0004', 33333, 0.2, 0.32),
    ('DE22 1010 0100 0101 0101 05', 'CDEFGHXXXXX', 'SK', 'K0005', 34664, 0.322, 0.12),
    ('DE22 1010 0100 0101 0101 06', 'CDEFGHXXXXX', 'GK', 'K0006', 11111, 0.32, 0.72),
    ('DE22 1010 0100 0101 0101 07', 'DEFGHIXXXXX', 'GK', 'K0007', 1245, 0.44, 0.22),
    ('DE22 1010 0100 0101 0101 08', 'DEFGHIXXXXX', 'SK', 'K0008', 3453, 0.123, 0.52),
    ('DE22 1010 0100 0101 0101 09', 'EFGHIJXXXXX', 'GK', 'K0009', 23432, 0.5567, 0.32),
    ('DE22 1010 0100 0101 0101 10', 'EFGHIJXXXXX', 'SK', 'K0010', 4535, 0.01111, 0.22)


-- Grundbestand um 100 Buchungen erweitert
INSERT INTO ED_BUCHUNG (Buchungsnummer, Buchungsart, Buchungsdatum, Sender, Empfaenger, Betrag, Verwendungszweck) VALUES
    (1000251, 'E', '2024-11-16', NULL, 'DE22 1010 0100 0101 0101 01', 200.00, NULL),
    (1000252, 'A', '2024-11-16', 'DE22 1010 0100 0101 0101 01', NULL, 150.00, NULL),
    (1000253, 'E', '2024-11-16', NULL, 'DE22 1010 0100 0101 0101 01', 350.00, NULL),
    (1000254, 'A', '2024-11-16', 'DE22 1010 0100 0101 0101 01', NULL, 420.00, NULL),
    (1000255, 'E', '2024-11-16', NULL, 'DE22 1010 0100 0101 0101 02', 500.00, NULL),
    (1000256, 'A', '2024-11-16', 'DE22 1010 0100 0101 0101 02', NULL, 300.00, NULL),
    (1000257, 'U', '2024-11-16', 'DE22 1010 0100 0101 0101 01', 'DE22 1010 0100 0101 0101 02', 100.00, 'Miete'),
    (1000258, 'A', '2024-11-16', 'DE22 1010 0100 0101 0101 02', NULL, 200.00, NULL),
    (1000259, 'E', '2024-11-16', NULL, 'DE31 4303 0000 1078 1001 01', 700.00, NULL),
    (1000260, 'A', '2024-11-16', 'DE31 4303 0000 1078 1001 01', NULL, 450.00, NULL),
    (1000261, 'E', '2024-11-16', NULL, 'DE22 1010 0100 0101 0101 02', 800.00, NULL),
    (1000262, 'A', '2024-11-16', 'DE22 1010 0100 0101 0101 02', NULL, 350.00, NULL),
    (1000263, 'E', '2024-11-16', NULL, 'DE31 1403 0000 1041 1001 03', 600.00, NULL),
    (1000264, 'A', '2024-11-16', 'DE31 1403 0000 1041 1001 03', NULL, 200.00, NULL),
    (1000265, 'U', '2024-11-16', 'DE31 1403 0000 1041 1001 03', 'DE31 7603 0000 1089 1001 04', 150.00, 'Miete'),
    (1000266, 'E', '2024-11-16', NULL, 'DE31 4303 0000 1032 1001 16', 900.00, NULL),
    (1000267, 'A', '2024-11-16', 'DE31 4303 0000 1032 1001 16', NULL, 250.00, NULL),
    (1000268, 'E', '2024-11-16', NULL, 'DE22 1010 0100 0101 0101 02', 350.00, NULL),
    (1000269, 'A', '2024-11-16', 'DE22 1010 0100 0101 0101 02', NULL, 420.00, 'Wocheneinkauf'),
    (1000270, 'U', '2024-11-16', 'DE22 1010 0100 0101 0101 02', 'DE31 6503 0000 1023 1001 02', 100.00, 'Miete'),
    (1000271, 'A', '2024-11-16', 'DE31 6503 0000 1023 1001 02', NULL, 50.00, NULL),
    (1000272, 'E', '2024-11-16', NULL, 'DE31 8703 0000 1032 1001 05', 1200.00, NULL),
    (1000273, 'A', '2024-11-16', 'DE31 8703 0000 1032 1001 05', NULL, 600.00, NULL),
    (1000274, 'E', '2024-11-16', NULL, 'DE31 3603 0000 1022 1001 06', 1500.00, NULL),
    (1000275, 'A', '2024-11-16', 'DE31 3603 0000 1022 1001 06', NULL, 250.00, NULL),
    (1000276, 'E', '2024-11-16', NULL, 'DE31 2103 0000 1024 1001 07', 950.00, NULL),
    (1000277, 'A', '2024-11-16', 'DE31 2103 0000 1024 1001 07', NULL, 400.00, NULL),
    (1000278, 'U', '2024-11-16', 'DE31 2103 0000 1024 1001 07', 'DE31 9803 0000 1065 1001 08', 250.00, 'Miete'),
    (1000279, 'A', '2024-11-16', 'DE31 9803 0000 1065 1001 08', NULL, 150.00, NULL),
    (1000280, 'E', '2024-11-16', NULL, 'DE22 1010 0100 0101 0101 02', 300.00, NULL),
    (1000281, 'A', '2024-11-16', 'DE22 1010 0100 0101 0101 02', NULL, 200.00, NULL),
    (1000282, 'E', '2024-11-16', NULL, 'DE31 2603 0000 1066 1001 52', 1100.00, NULL),
    (1000283, 'A', '2024-11-16', 'DE31 2603 0000 1066 1001 52', NULL, 500.00, NULL),
    (1000284, 'U', '2024-11-16', 'DE31 2603 0000 1066 1001 52', 'DE31 1203 0000 1023 1001 53', 250.00, 'Miete'),
    (1000285, 'A', '2024-11-16', 'DE31 1203 0000 1023 1001 53', NULL, 350.00, NULL),
    (1000286, 'E', '2024-11-16', NULL, 'DE31 2403 0000 1033 1001 36', 300.00, NULL),
    (1000287, 'A', '2024-11-16', 'DE31 2403 0000 1033 1001 36', NULL, 250.00, NULL),
    (1000288, 'E', '2024-11-16', NULL, 'DE31 1103 0000 1087 1001 37', 1000.00, NULL),
    (1000289, 'A', '2024-11-16', 'DE31 1103 0000 1087 1001 37', NULL, 400.00, NULL),
    (1000290, 'E', '2024-11-16', NULL, 'DE31 8703 0000 1089 1001 38', 200.00, NULL),
    (1000291, 'A', '2024-11-16', 'DE31 8703 0000 1089 1001 38', NULL, 150.00, NULL),
    (1000292, 'E', '2024-11-16', NULL, 'DE31 6403 0000 1081 1001 39', 550.00, NULL),
    (1000293, 'A', '2024-11-16', 'DE31 6403 0000 1081 1001 39', NULL, 200.00, NULL),
    (1000294, 'E', '2024-11-16', NULL, 'DE31 3303 0000 1021 1001 40', 350.00, NULL),
    (1000295, 'A', '2024-11-16', 'DE31 3303 0000 1021 1001 40', NULL, 500.00, NULL),
    (1000296, 'E', '2024-11-16', NULL, 'DE31 8703 0000 1011 1001 41', 400.00, NULL),
    (1000297, 'A', '2024-11-16', 'DE31 8703 0000 1011 1001 41', NULL, 300.00, NULL),
    (1000298, 'U', '2024-11-16', 'DE31 8703 0000 1011 1001 41', 'DE31 2903 0000 1083 1001 42', 150.00, 'Miete'),
    (1000299, 'E', '2024-11-16', NULL, 'DE31 1203 0000 1080 1001 43', 1200.00, NULL),
    (1000300, 'A', '2024-11-16', 'DE31 1203 0000 1080 1001 43', NULL, 200.00, NULL),
    (1000301, 'E', '2024-11-16', NULL, 'DE31 9903 0000 1016 1001 44', 600.00, NULL),
    (1000302, 'A', '2024-11-16', 'DE31 9903 0000 1016 1001 44', NULL, 350.00, NULL),
    (1000303, 'E', '2024-11-16', NULL, 'DE31 2703 0000 1022 1001 45', 500.00, NULL),
    (1000304, 'A', '2024-11-16', 'DE31 2703 0000 1022 1001 45', NULL, 200.00, NULL),
    (1000305, 'E', '2024-11-16', NULL, 'DE31 6503 0000 1086 1001 46', 700.00, NULL),
    (1000306, 'A', '2024-11-16', 'DE31 6503 0000 1086 1001 46', NULL, 250.00, NULL),
    (1000307, 'E', '2024-11-16', NULL, 'DE31 2303 0000 1069 1001 47', 450.00, NULL),
    (1000308, 'A', '2024-11-16', 'DE31 2303 0000 1069 1001 47', NULL, 300.00, NULL),
    (1000309, 'U', '2024-11-16', 'DE31 2303 0000 1069 1001 47', 'DE31 7603 0000 1034 1001 48', 100.00, 'Miete'),
    (1000310, 'E', '2024-11-16', NULL, 'DE31 1203 0000 1017 1001 49', 850.00, NULL),
    (1000311, 'A', '2024-11-16', 'DE31 1203 0000 1017 1001 49', NULL, 400.00, NULL),
    (1000312, 'E', '2024-11-16', NULL, 'DE31 4203 0000 1008 1001 50', 650.00, NULL),
    (1000313, 'A', '2024-11-16', 'DE31 4203 0000 1008 1001 50', NULL, 500.00, NULL),
    (1000314, 'E', '2024-11-16', NULL, 'DE31 1203 0000 1035 1001 51', 1200.00, NULL),
    (1000315, 'A', '2024-11-16', 'DE31 1203 0000 1035 1001 51', NULL, 450.00, NULL),
    (1000316, 'U', '2024-11-16', 'DE31 1203 0000 1035 1001 51', 'DE31 2603 0000 1066 1001 52', 250.00, 'Miete'),
    (1000317, 'A', '2024-11-16', 'DE31 2603 0000 1066 1001 52', NULL, 150.00, NULL),
    (1000318, 'E', '2024-11-16', NULL, 'DE31 1203 0000 1023 1001 53', 300.00, NULL),
    (1000319, 'A', '2024-11-16', 'DE31 1203 0000 1023 1001 53', NULL, 100.00, NULL),
    (1000320, 'E', '2024-11-16', NULL, 'DE31 8703 0000 1006 1001 54', 450.00, NULL),
    (1000321, 'A', '2024-11-16', 'DE31 8703 0000 1006 1001 54', NULL, 250.00, NULL),
    (1000322, 'E', '2024-11-16', NULL, 'DE31 3503 0000 1015 1001 55', 1000.00, 'Gehalt'),
    (1000323, 'A', '2024-11-16', 'DE31 3503 0000 1015 1001 55', NULL, 350.00, NULL),
    (1000324, 'E', '2024-11-16', NULL, 'DE31 9003 0000 1027 1001 56', 400.00, NULL),
    (1000325, 'A', '2024-11-16', 'DE31 9003 0000 1027 1001 56', NULL, 200.00, NULL),
    (1000326, 'E', '2024-11-16', NULL, 'DE31 2103 0000 1009 1001 57', 850.00, NULL),
    (1000327, 'A', '2024-11-16', 'DE31 2103 0000 1009 1001 57', NULL, 500.00, NULL),
    (1000328, 'U', '2024-11-16', 'DE31 2103 0000 1009 1001 57', 'DE22 1010 0100 0101 0101 07', 250.00, 'Miete'),
    (1000329, 'E', '2024-11-16', NULL, 'DE31 2103 0000 1059 1001 59', 1200.00, NULL),
    (1000330, 'A', '2024-11-16', 'DE31 2103 0000 1059 1001 59', NULL, 350.00, NULL),
    (1000331, 'E', '2024-11-16', NULL, 'DE31 1203 0000 1021 1001 60', 150.00, NULL),
    (1000332, 'A', '2024-11-16', 'DE31 1203 0000 1021 1001 60', NULL, 100.00, NULL),
    (1000333, 'E', '2024-11-16', NULL, 'DE31 8503 0000 1027 1001 61', 500.00, NULL),
    (1000334, 'A', '2024-11-16', 'DE31 8503 0000 1027 1001 61', NULL, 300.00, NULL),
    (1000335, 'U', '2024-11-16', 'DE31 8503 0000 1027 1001 61', 'DE31 1203 0000 1033 1001 62', 150.00, 'Miete'),
    (1000336, 'E', '2024-11-16', NULL, 'DE22 1010 0100 0101 0101 05', 200.00, NULL),
    (1000337, 'A', '2024-11-16', 'DE22 1010 0100 0101 0101 05', NULL, 100.00, NULL),
    (1000338, 'E', '2024-11-16', NULL, 'DE22 1010 0100 0101 0101 06', 750.00, NULL),
    (1000339, 'A', '2024-11-16', 'DE22 1010 0100 0101 0101 06', NULL, 400.00, NULL),
    (1000340, 'E', '2024-11-16', NULL, 'DE22 1010 0100 0101 0101 07', 150.00, NULL),
    (1000341, 'A', '2024-11-16', 'DE22 1010 0100 0101 0101 07', NULL, 50.00, NULL),
    (1000342, 'E', '2024-11-16', NULL, 'DE22 1010 0100 0101 0101 08', 650.00, NULL),
    (1000343, 'A', '2024-11-16', 'DE22 1010 0100 0101 0101 08', NULL, 300.00, NULL),
    (1000344, 'E', '2024-11-16', NULL, 'DE22 1010 0100 0101 0101 08', 1000.00, NULL),
    (1000345, 'A', '2024-11-16', 'DE22 1010 0100 0101 0101 08', NULL, 150.00, NULL),
    (1000346, 'E', '2024-11-16', NULL, 'DE22 1010 0100 0101 0101 10', 500.00, NULL),
    (1000347, 'A', '2024-11-16', 'DE22 1010 0100 0101 0101 10', NULL, 250.00, NULL),
    (1000348, 'U', '2024-11-16', 'DE22 1010 0100 0101 0101 10', 'DE22 1010 0100 0101 0101 09', 100.00, 'Miete'),
    (1000349, 'E', '2024-11-16', NULL, 'DE22 1010 0100 0101 0101 10', 900.00, 'Gehalt'),
    (1000350, 'A', '2024-11-16', 'DE22 1010 0100 0101 0101 10', NULL, 500.00, NULL),
    (1000351, 'E', '2024-11-16', NULL, 'DE31 9003 0000 1033 1001 22', 187.00, NULL)